{"cameraMode":{"drawMode":0,"name":"Shaded","section":"Shading Mode"},"sceneLighting":false,"audioPlay":false,"sceneViewState":{"showFog":false,"showMaterialUpdate":false,"showSkybox":false,"showFlares":false,"showImageEffects":false,"showParticleSystems":false},"in2DMode":false,"pivot":{"x":103.94865417480469,"y":1.2539221048355103,"z":49.45196533203125},"rotation":{"x":-0.004854649771004915,"y":0.9950628280639648,"z":-0.0807742029428482,"w":-0.05975383147597313},"size":0.24891358613967896,"orthographic":false}