{"cameraMode":{"drawMode":0,"name":"Shaded","section":"Shading Mode"},"sceneLighting":false,"audioPlay":false,"sceneViewState":{"showFog":false,"showMaterialUpdate":false,"showSkybox":false,"showFlares":false,"showImageEffects":false,"showParticleSystems":false},"in2DMode":false,"pivot":{"x":106.18868255615235,"y":0.028289277106523515,"z":48.865386962890628},"rotation":{"x":0.0941208228468895,"y":0.8776510953903198,"z":-0.4288312792778015,"w":0.192597433924675},"size":0.7662002444267273,"orthographic":false}