{"cameraMode":{"drawMode":0,"name":"Shaded","section":"Shading Mode"},"sceneLighting":false,"audioPlay":false,"sceneViewState":{"showFog":false,"showMaterialUpdate":false,"showSkybox":false,"showFlares":false,"showImageEffects":false,"showParticleSystems":false},"in2DMode":false,"pivot":{"x":101.64677429199219,"y":0.6440854072570801,"z":49.745269775390628},"rotation":{"x":-0.22055765986442567,"y":0.548302412033081,"z":-0.15258809924125672,"w":-0.7922014594078064},"size":0.49695634841918948,"orthographic":true}