{"cameraMode":{"drawMode":0,"name":"Shaded","section":"Shading Mode"},"sceneLighting":true,"audioPlay":false,"sceneViewState":{"showFog":false,"showMaterialUpdate":false,"showSkybox":false,"showFlares":false,"showImageEffects":false,"showParticleSystems":false},"in2DMode":false,"pivot":{"x":82.46638488769531,"y":1.4219393730163575,"z":67.14491271972656},"rotation":{"x":-0.025303229689598085,"y":-0.8380778431892395,"z":0.038993410766124728,"w":-0.5435976982116699},"size":-0.33730512857437136,"orthographic":false}